{
  "50_50": 0.11794952890716622,
  "80_20": -0.1897675039780304,
  "100_0": -0.07904007359018822
}